IL1_S, peak-power
128, 5.29883
16, 3.74063
32, 3.75956
64, 4.75888
8, 3.73458
