LS, peak-power
128, 8.79613
16, 1.52423
256, 26.4747
32, 2.16032
64, 3.75956
