DL1_S, peak-power
128, 4.25655
16, 2.86208
32, 2.87755
64, 3.75956
