DL1_A, peak-power
1, 3.75476
16, 4.30168
2, 3.75956
4, 3.49192
8, 3.73583
