IL1_A, peak-power
1, 3.72941
16, 5.17849
2, 3.75956
4, 4.16499
8, 4.52046
